id,username
1,jbailes0
2,vsenn1
3,mscoggans2
4,ikleyn3
5,tmedler4
6,bcottie5
7,ssmullen6
8,esouthon7
9,cmanchester8
10,cwhiley9
11,scarissa
12,gsurrb
13,dmoreinisc
14,cgreathamd
15,nobrogane
16,kdearmanf
17,neverestg
18,acattinih
19,vgoadyi
20,mollivierj
21,eelsyk
22,choltoml
23,eokeevanm
24,astifen
25,bvoglo
26,lshurlockp
27,fmcquillenq
28,tcoultardr
29,gkarels
30,balejandrit
31,wcostellou
32,llacottev
33,brappportw
34,mrobetx
35,kconcannony
36,wshilvockz
37,cedgeson10
38,ocaverhill11
39,santonsson12
40,oinsley13
41,jperkis14
42,dduiged15
43,ncodd16
44,qgrimwade17
45,utakle18
46,astiles19
47,snewrick1a
48,cskehan1b
49,jtewkesbury1c
50,ncircuit1d
51,ecarvil1e
52,mgages1f
53,hdimic1g
54,dbumfrey1h
55,ahastings1i
56,agoodere1j
57,ohovy1k
58,bbalthasar1l
59,eolijve1m
60,ctreuge1n
61,dpaxman1o
62,fharfleet1p
63,damiss1q
64,koconcannon1r
65,agilford1s
66,hakeherst1t
67,mmewitt1u
68,hrubertis1v
69,etroutbeck1w
70,ggauld1x
71,echazerand1y
72,gandryszczak1z
73,mhynes20
74,baron21
75,touver22
76,hlinnemann23
77,epetworth24
78,pscaife25
79,sgoodsal26
80,nlabro27
81,aesslemont28
82,ktams29
83,chillhouse2a
84,whiddersley2b
85,dsreenan2c
86,sgrayland2d
87,blomb2e
88,tbuglar2f
89,nwoodburn2g
90,fgornall2h
91,lcavaney2i
92,iconquest2j
93,fthorwarth2k
94,nlaffan2l
95,ajellicorse2m
96,lpeaple2n
97,kbishop2o
98,bkindon2p
99,wsandle2q
100,bhosby2r
